{"cameraMode":{"drawMode":0,"name":"Shaded","section":"Shading Mode"},"sceneLighting":true,"audioPlay":false,"sceneViewState":{"m_AlwaysRefresh":false,"showFog":true,"showSkybox":true,"showFlares":true,"showImageEffects":true,"showParticleSystems":true,"showVisualEffectGraphs":true,"m_FxEnabled":true},"in2DMode":false,"pivot":{"x":3.490542411804199,"y":-1.4688143730163575,"z":4.740306854248047},"rotation":{"x":0.014709425158798695,"y":0.9825255870819092,"z":-0.08866694569587708,"w":0.16299676895141602},"size":14.499394416809082,"orthographic":false}